[
  {
    "type": "bitmap",
    "file": "minecraft:font/coin.png",
    "ascent": 14,
    "height": 16,
    "chars": [
      "\ue001"
    ]
  },
  {
    "type": "bitmap",
    "file": "minecraft:font/clock.png",
    "ascent": 14,
    "height": 16,
    "chars": [
      "\ue002"
    ]
  },
  {
    "type": "bitmap",
    "file": "minecraft:font/frame_left.png",
    "ascent": 14,
    "height": 16,
    "chars": [
      "\ue003"
    ]
  },
  {
    "type": "bitmap",
    "file": "minecraft:font/frame_right.png",
    "ascent": 14,
    "height": 16,
    "chars": [
      "\ue004"
    ]
  },
  {
    "type": "bitmap",
    "file": "minecraft:font/background.png",
    "ascent": 14,
    "height": 16,
    "chars": [
      "\ue005"
    ]
  },
  {
    "type": "bitmap",
    "file": "minecraft:font/xp.png",
    "ascent": 14,
    "height": 16,
    "chars": [
      "\ue006"
    ]
  },
  {
    "type": "bitmap",
    "file": "minecraft:font/pvp.png",
    "ascent": 14,
    "height": 16,
    "chars": [
      "\ue007"
    ]
  },
  {
    "type": "bitmap",
    "file": "minecraft:font/rank.png",
    "ascent": 14,
    "height": 16,
    "chars": [
      "\ue008"
    ]
  },
  {
    "type": "bitmap",
    "file": "minecraft:font/level.png",
    "ascent": 14,
    "height": 16,
    "chars": [
      "\ue009"
    ]
  }
]